filename,count,count1
/home/rnam/Documents/ped/data/team500/2016-07-17-13-41-58_Flatbush_Ave__Willoughby.jpg,0,4
/home/rnam/Documents/ped/data/team500/2016-07-17-13-38-30_Flatbush_Ave__Willoughby.jpg,1,4
/home/rnam/Documents/ped/data/team500/2016-07-17-13-38-59_Flatbush_Ave__Willoughby.jpg,2,4
/home/rnam/Documents/ped/data/team500/2016-07-17-13-41-40_Flatbush_Ave__Willoughby.jpg,3,4
/home/rnam/Documents/ped/data/team500/2016-07-17-13-45-27_Flatbush_Ave__Willoughby.jpg,4,4
/home/rnam/Documents/ped/data/team500/2016-07-17-13-44-54_Flatbush_Ave__Willoughby.jpg,5,4
/home/rnam/Documents/ped/data/team500/2016-07-17-13-38-24_Flatbush_Ave__Willoughby.jpg,6,4
/home/rnam/Documents/ped/data/team500/2016-07-17-13-45-45_Flatbush_Ave__Willoughby.jpg,7,4
/home/rnam/Documents/ped/data/team500/2016-07-17-13-39-12_Flatbush_Ave__Willoughby.jpg,8,4
/home/rnam/Documents/ped/data/team500/2016-07-17-13-38-48_Flatbush_Ave__Willoughby.jpg,9,4
/home/rnam/Documents/ped/data/team500/2016-07-17-13-45-23_Flatbush_Ave__Willoughby.jpg,10,3
/home/rnam/Documents/ped/data/team500/2016-07-17-13-42-24_Flatbush_Ave__Willoughby.jpg,11,3
/home/rnam/Documents/ped/data/team500/2016-07-17-13-43-55_Flatbush_Ave__Willoughby.jpg,12,3
/home/rnam/Documents/ped/data/team500/2016-07-17-13-38-09_Flatbush_Ave__Willoughby.jpg,13,3
/home/rnam/Documents/ped/data/team500/2016-07-17-13-41-11_Flatbush_Ave__Willoughby.jpg,14,3
/home/rnam/Documents/ped/data/team500/2016-07-17-13-40-04_Flatbush_Ave__Willoughby.jpg,15,3
/home/rnam/Documents/ped/data/team500/2016-07-17-13-43-21_Flatbush_Ave__Willoughby.jpg,16,2
/home/rnam/Documents/ped/data/team500/2016-07-17-13-36-44_Flatbush_Ave__Willoughby.jpg,17,1
/home/rnam/Documents/ped/data/team500/2016-07-17-13-44-53_Flatbush_Ave__Willoughby.jpg,18,0
/home/rnam/Documents/ped/data/team500/2016-07-17-13-38-23_Flatbush_Ave__Willoughby.jpg,19,0
/home/rnam/Documents/ped/data/team500/2016-07-17-13-40-29_Flatbush_Ave__Willoughby.jpg,20,0
/home/rnam/Documents/ped/data/team500/2016-07-17-13-41-10_Flatbush_Ave__Willoughby.jpg,21,0
/home/rnam/Documents/ped/data/team500/2016-07-17-13-40-25_Flatbush_Ave__Willoughby.jpg,22,0
/home/rnam/Documents/ped/data/team500/2016-07-17-13-38-28_Flatbush_Ave__Willoughby.jpg,23,0
/home/rnam/Documents/ped/data/team500/2016-07-17-13-43-34_Flatbush_Ave__Willoughby.jpg,24,0
/home/rnam/Documents/ped/data/team500/2016-07-17-13-44-29_Flatbush_Ave__Willoughby.jpg,25,0
/home/rnam/Documents/ped/data/team500/2016-07-17-13-42-29_Flatbush_Ave__Willoughby.jpg,26,0
/home/rnam/Documents/ped/data/team500/2016-07-17-13-39-28_Flatbush_Ave__Willoughby.jpg,27,0
/home/rnam/Documents/ped/data/team500/2016-07-17-13-36-51_Flatbush_Ave__Willoughby.jpg,28,0
/home/rnam/Documents/ped/data/team500/2016-07-17-13-39-55_Flatbush_Ave__Willoughby.jpg,29,0
/home/rnam/Documents/ped/data/team500/2016-07-17-13-43-50_Flatbush_Ave__Willoughby.jpg,30,0
/home/rnam/Documents/ped/data/team500/2016-07-17-13-37-27_Flatbush_Ave__Willoughby.jpg,31,0
/home/rnam/Documents/ped/data/team500/2016-07-17-13-41-05_Flatbush_Ave__Willoughby.jpg,32,0
/home/rnam/Documents/ped/data/team500/2016-07-17-13-37-23_Flatbush_Ave__Willoughby.jpg,33,0
/home/rnam/Documents/ped/data/team500/2016-07-17-13-41-46_Flatbush_Ave__Willoughby.jpg,34,0
/home/rnam/Documents/ped/data/team500/2016-07-17-13-36-00_Flatbush_Ave__Willoughby.jpg,35,0
/home/rnam/Documents/ped/data/team500/2016-07-17-13-40-13_Flatbush_Ave__Willoughby.jpg,36,0
/home/rnam/Documents/ped/data/team500/2016-07-17-13-43-07_Flatbush_Ave__Willoughby.jpg,37,0
/home/rnam/Documents/ped/data/team500/2016-07-17-13-36-34_Flatbush_Ave__Willoughby.jpg,38,0
/home/rnam/Documents/ped/data/team500/2016-07-17-13-40-14_Flatbush_Ave__Willoughby.jpg,39,1
/home/rnam/Documents/ped/data/team500/2016-07-17-13-43-00_Flatbush_Ave__Willoughby.jpg,40,1
/home/rnam/Documents/ped/data/team500/2016-07-17-13-44-13_Flatbush_Ave__Willoughby.jpg,41,1
/home/rnam/Documents/ped/data/team500/2016-07-17-13-37-18_Flatbush_Ave__Willoughby.jpg,42,1
/home/rnam/Documents/ped/data/team500/2016-07-17-13-43-23_Flatbush_Ave__Willoughby.jpg,43,1
/home/rnam/Documents/ped/data/team500/2016-07-17-13-36-02_Flatbush_Ave__Willoughby.jpg,44,0
/home/rnam/Documents/ped/data/team500/2016-07-17-13-44-06_Flatbush_Ave__Willoughby.jpg,45,0
/home/rnam/Documents/ped/data/team500/2016-07-17-13-40-34_Flatbush_Ave__Willoughby.jpg,46,0
/home/rnam/Documents/ped/data/team500/2016-07-17-13-38-21_Flatbush_Ave__Willoughby.jpg,47,0
/home/rnam/Documents/ped/data/team500/2016-07-17-13-45-04_Flatbush_Ave__Willoughby.jpg,48,0
/home/rnam/Documents/ped/data/team500/2016-07-17-13-39-49_Flatbush_Ave__Willoughby.jpg,49,0
/home/rnam/Documents/ped/data/team500/2016-07-17-13-36-29_Flatbush_Ave__Willoughby.jpg,50,0
/home/rnam/Documents/ped/data/team500/2016-07-17-13-41-30_Flatbush_Ave__Willoughby.jpg,51,1
/home/rnam/Documents/ped/data/team500/2016-07-17-13-40-42_Flatbush_Ave__Willoughby.jpg,52,2
/home/rnam/Documents/ped/data/team500/2016-07-17-13-44-37_Flatbush_Ave__Willoughby.jpg,53,2
/home/rnam/Documents/ped/data/team500/2016-07-17-13-45-36_Flatbush_Ave__Willoughby.jpg,54,1
/home/rnam/Documents/ped/data/team500/2016-07-17-13-42-49_Flatbush_Ave__Willoughby.jpg,55,1
/home/rnam/Documents/ped/data/team500/2016-07-17-13-36-17_Flatbush_Ave__Willoughby.jpg,56,1
/home/rnam/Documents/ped/data/team500/2016-07-17-13-44-43_Flatbush_Ave__Willoughby.jpg,57,1
/home/rnam/Documents/ped/data/team500/2016-07-17-13-38-38_Flatbush_Ave__Willoughby.jpg,58,1
/home/rnam/Documents/ped/data/team500/2016-07-17-13-37-14_Flatbush_Ave__Willoughby.jpg,59,2
/home/rnam/Documents/ped/data/team500/2016-07-17-13-44-26_Flatbush_Ave__Willoughby.jpg,60,2
/home/rnam/Documents/ped/data/team500/2016-07-17-13-39-32_Flatbush_Ave__Willoughby.jpg,61,2
/home/rnam/Documents/ped/data/team500/2016-07-17-13-38-43_Flatbush_Ave__Willoughby.jpg,62,2
/home/rnam/Documents/ped/data/team500/2016-07-17-13-40-06_Flatbush_Ave__Willoughby.jpg,63,2
/home/rnam/Documents/ped/data/team500/2016-07-17-13-38-06_Flatbush_Ave__Willoughby.jpg,64,2
/home/rnam/Documents/ped/data/team500/2016-07-17-13-36-35_Flatbush_Ave__Willoughby.jpg,65,2
/home/rnam/Documents/ped/data/team500/2016-07-17-13-43-29_Flatbush_Ave__Willoughby.jpg,66,2
/home/rnam/Documents/ped/data/team500/2016-07-17-13-40-00_Flatbush_Ave__Willoughby.jpg,67,2
/home/rnam/Documents/ped/data/team500/2016-07-17-13-36-59_Flatbush_Ave__Willoughby.jpg,68,2
/home/rnam/Documents/ped/data/team500/2016-07-17-13-40-08_Flatbush_Ave__Willoughby.jpg,69,3
/home/rnam/Documents/ped/data/team500/2016-07-17-13-45-43_Flatbush_Ave__Willoughby.jpg,70,5
/home/rnam/Documents/ped/data/team500/2016-07-17-13-37-44_Flatbush_Ave__Willoughby.jpg,71,6
/home/rnam/Documents/ped/data/team500/2016-07-17-13-45-21_Flatbush_Ave__Willoughby.jpg,72,6
/home/rnam/Documents/ped/data/team500/2016-07-17-13-37-43_Flatbush_Ave__Willoughby.jpg,73,8
/home/rnam/Documents/ped/data/team500/2016-07-17-13-40-10_Flatbush_Ave__Willoughby.jpg,74,8
/home/rnam/Documents/ped/data/team500/2016-07-17-13-41-00_Flatbush_Ave__Willoughby.jpg,75,8
/home/rnam/Documents/ped/data/team500/2016-07-17-13-37-21_Flatbush_Ave__Willoughby.jpg,76,9
/home/rnam/Documents/ped/data/team500/2016-07-17-13-38-07_Flatbush_Ave__Willoughby.jpg,77,9
/home/rnam/Documents/ped/data/team500/2016-07-17-13-41-48_Flatbush_Ave__Willoughby.jpg,78,9
/home/rnam/Documents/ped/data/team500/2016-07-17-13-42-50_Flatbush_Ave__Willoughby.jpg,79,8
/home/rnam/Documents/ped/data/team500/2016-07-17-13-44-56_Flatbush_Ave__Willoughby.jpg,80,9
/home/rnam/Documents/ped/data/team500/2016-07-17-13-39-29_Flatbush_Ave__Willoughby.jpg,81,9
/home/rnam/Documents/ped/data/team500/2016-07-17-13-42-18_Flatbush_Ave__Willoughby.jpg,82,8
/home/rnam/Documents/ped/data/team500/2016-07-17-13-38-50_Flatbush_Ave__Willoughby.jpg,83,8
/home/rnam/Documents/ped/data/team500/2016-07-17-13-45-16_Flatbush_Ave__Willoughby.jpg,84,8
/home/rnam/Documents/ped/data/team500/2016-07-17-13-38-22_Flatbush_Ave__Willoughby.jpg,85,8
/home/rnam/Documents/ped/data/team500/2016-07-17-13-42-51_Flatbush_Ave__Willoughby.jpg,86,9
/home/rnam/Documents/ped/data/team500/2016-07-17-13-45-33_Flatbush_Ave__Willoughby.jpg,87,9
/home/rnam/Documents/ped/data/team500/2016-07-17-13-40-41_Flatbush_Ave__Willoughby.jpg,88,9
/home/rnam/Documents/ped/data/team500/2016-07-17-13-41-07_Flatbush_Ave__Willoughby.jpg,89,8
/home/rnam/Documents/ped/data/team500/2016-07-17-13-43-38_Flatbush_Ave__Willoughby.jpg,90,8
/home/rnam/Documents/ped/data/team500/2016-07-17-13-39-50_Flatbush_Ave__Willoughby.jpg,91,9
/home/rnam/Documents/ped/data/team500/2016-07-17-13-42-10_Flatbush_Ave__Willoughby.jpg,92,9
/home/rnam/Documents/ped/data/team500/2016-07-17-13-40-40_Flatbush_Ave__Willoughby.jpg,93,8
/home/rnam/Documents/ped/data/team500/2016-07-17-13-37-04_Flatbush_Ave__Willoughby.jpg,94,8
/home/rnam/Documents/ped/data/team500/2016-07-17-13-40-21_Flatbush_Ave__Willoughby.jpg,95,9
/home/rnam/Documents/ped/data/team500/2016-07-17-13-38-32_Flatbush_Ave__Willoughby.jpg,96,9
/home/rnam/Documents/ped/data/team500/2016-07-17-13-37-09_Flatbush_Ave__Willoughby.jpg,97,7
/home/rnam/Documents/ped/data/team500/2016-07-17-13-36-46_Flatbush_Ave__Willoughby.jpg,98,8
/home/rnam/Documents/ped/data/team500/2016-07-17-13-43-06_Flatbush_Ave__Willoughby.jpg,99,10
/home/rnam/Documents/ped/data/team500/2016-07-17-13-36-53_Flatbush_Ave__Willoughby.jpg,100,11
/home/rnam/Documents/ped/data/team500/2016-07-17-13-40-55_Flatbush_Ave__Willoughby.jpg,101,11
/home/rnam/Documents/ped/data/team500/2016-07-17-13-45-20_Flatbush_Ave__Willoughby.jpg,102,9
/home/rnam/Documents/ped/data/team500/2016-07-17-13-40-16_Flatbush_Ave__Willoughby.jpg,103,9
/home/rnam/Documents/ped/data/team500/2016-07-17-13-42-45_Flatbush_Ave__Willoughby.jpg,104,8
/home/rnam/Documents/ped/data/team500/2016-07-17-13-36-05_Flatbush_Ave__Willoughby.jpg,105,8
/home/rnam/Documents/ped/data/team500/2016-07-17-13-42-01_Flatbush_Ave__Willoughby.jpg,106,8
/home/rnam/Documents/ped/data/team500/2016-07-17-13-44-27_Flatbush_Ave__Willoughby.jpg,107,9
/home/rnam/Documents/ped/data/team500/2016-07-17-13-39-13_Flatbush_Ave__Willoughby.jpg,108,9
/home/rnam/Documents/ped/data/team500/2016-07-17-13-44-23_Flatbush_Ave__Willoughby.jpg,109,7
/home/rnam/Documents/ped/data/team500/2016-07-17-13-45-39_Flatbush_Ave__Willoughby.jpg,110,8
/home/rnam/Documents/ped/data/team500/2016-07-17-13-43-18_Flatbush_Ave__Willoughby.jpg,111,9
/home/rnam/Documents/ped/data/team500/2016-07-17-13-36-52_Flatbush_Ave__Willoughby.jpg,112,9
/home/rnam/Documents/ped/data/team500/2016-07-17-13-39-08_Flatbush_Ave__Willoughby.jpg,113,8
/home/rnam/Documents/ped/data/team500/2016-07-17-13-39-25_Flatbush_Ave__Willoughby.jpg,114,7
/home/rnam/Documents/ped/data/team500/2016-07-17-13-42-48_Flatbush_Ave__Willoughby.jpg,115,7
/home/rnam/Documents/ped/data/team500/2016-07-17-13-38-00_Flatbush_Ave__Willoughby.jpg,116,6
/home/rnam/Documents/ped/data/team500/2016-07-17-13-43-09_Flatbush_Ave__Willoughby.jpg,117,6
/home/rnam/Documents/ped/data/team500/2016-07-17-13-40-38_Flatbush_Ave__Willoughby.jpg,118,5
/home/rnam/Documents/ped/data/team500/2016-07-17-13-36-03_Flatbush_Ave__Willoughby.jpg,119,5
/home/rnam/Documents/ped/data/team500/2016-07-17-13-44-08_Flatbush_Ave__Willoughby.jpg,120,6
/home/rnam/Documents/ped/data/team500/2016-07-17-13-43-27_Flatbush_Ave__Willoughby.jpg,121,6
/home/rnam/Documents/ped/data/team500/2016-07-17-13-44-47_Flatbush_Ave__Willoughby.jpg,122,6
/home/rnam/Documents/ped/data/team500/2016-07-17-13-41-17_Flatbush_Ave__Willoughby.jpg,123,6
/home/rnam/Documents/ped/data/team500/2016-07-17-13-37-55_Flatbush_Ave__Willoughby.jpg,124,6
/home/rnam/Documents/ped/data/team500/2016-07-17-13-38-12_Flatbush_Ave__Willoughby.jpg,125,6
/home/rnam/Documents/ped/data/team500/2016-07-17-13-41-39_Flatbush_Ave__Willoughby.jpg,126,6
/home/rnam/Documents/ped/data/team500/2016-07-17-13-37-45_Flatbush_Ave__Willoughby.jpg,127,5
/home/rnam/Documents/ped/data/team500/2016-07-17-13-45-28_Flatbush_Ave__Willoughby.jpg,128,5
/home/rnam/Documents/ped/data/team500/2016-07-17-13-38-31_Flatbush_Ave__Willoughby.jpg,129,6
/home/rnam/Documents/ped/data/team500/2016-07-17-13-36-21_Flatbush_Ave__Willoughby.jpg,130,7
/home/rnam/Documents/ped/data/team500/2016-07-17-13-39-20_Flatbush_Ave__Willoughby.jpg,131,7
/home/rnam/Documents/ped/data/team500/2016-07-17-13-36-18_Flatbush_Ave__Willoughby.jpg,132,8
/home/rnam/Documents/ped/data/team500/2016-07-17-13-45-52_Flatbush_Ave__Willoughby.jpg,133,7
/home/rnam/Documents/ped/data/team500/2016-07-17-13-36-48_Flatbush_Ave__Willoughby.jpg,134,8
/home/rnam/Documents/ped/data/team500/2016-07-17-13-39-26_Flatbush_Ave__Willoughby.jpg,135,6
/home/rnam/Documents/ped/data/team500/2016-07-17-13-40-50_Flatbush_Ave__Willoughby.jpg,136,6
/home/rnam/Documents/ped/data/team500/2016-07-17-13-40-18_Flatbush_Ave__Willoughby.jpg,137,7
/home/rnam/Documents/ped/data/team500/2016-07-17-13-35-59_Flatbush_Ave__Willoughby.jpg,138,8
/home/rnam/Documents/ped/data/team500/2016-07-17-13-39-59_Flatbush_Ave__Willoughby.jpg,139,9
/home/rnam/Documents/ped/data/team500/2016-07-17-13-42-53_Flatbush_Ave__Willoughby.jpg,140,9
/home/rnam/Documents/ped/data/team500/2016-07-17-13-38-36_Flatbush_Ave__Willoughby.jpg,141,10
/home/rnam/Documents/ped/data/team500/2016-07-17-13-41-02_Flatbush_Ave__Willoughby.jpg,142,10
/home/rnam/Documents/ped/data/team500/2016-07-17-13-37-02_Flatbush_Ave__Willoughby.jpg,143,10
/home/rnam/Documents/ped/data/team500/2016-07-17-13-36-55_Flatbush_Ave__Willoughby.jpg,144,11
/home/rnam/Documents/ped/data/team500/2016-07-17-13-40-59_Flatbush_Ave__Willoughby.jpg,145,13
/home/rnam/Documents/ped/data/team500/2016-07-17-13-38-40_Flatbush_Ave__Willoughby.jpg,146,15
/home/rnam/Documents/ped/data/team500/2016-07-17-13-41-41_Flatbush_Ave__Willoughby.jpg,147,14
/home/rnam/Documents/ped/data/team500/2016-07-17-13-36-14_Flatbush_Ave__Willoughby.jpg,148,16
/home/rnam/Documents/ped/data/team500/2016-07-17-13-44-49_Flatbush_Ave__Willoughby.jpg,149,19
/home/rnam/Documents/ped/data/team500/2016-07-17-13-35-58_Flatbush_Ave__Willoughby.jpg,150,20
/home/rnam/Documents/ped/data/team500/2016-07-17-13-41-34_Flatbush_Ave__Willoughby.jpg,151,17
/home/rnam/Documents/ped/data/team500/2016-07-17-13-39-47_Flatbush_Ave__Willoughby.jpg,152,16
/home/rnam/Documents/ped/data/team500/2016-07-17-13-38-15_Flatbush_Ave__Willoughby.jpg,153,15
/home/rnam/Documents/ped/data/team500/2016-07-17-13-38-41_Flatbush_Ave__Willoughby.jpg,154,13
/home/rnam/Documents/ped/data/team500/2016-07-17-13-40-57_Flatbush_Ave__Willoughby.jpg,155,15
/home/rnam/Documents/ped/data/team500/2016-07-17-13-38-46_Flatbush_Ave__Willoughby.jpg,156,15
/home/rnam/Documents/ped/data/team500/2016-07-17-13-39-31_Flatbush_Ave__Willoughby.jpg,157,14
/home/rnam/Documents/ped/data/team500/2016-07-17-13-45-05_Flatbush_Ave__Willoughby.jpg,158,12
/home/rnam/Documents/ped/data/team500/2016-07-17-13-44-31_Flatbush_Ave__Willoughby.jpg,159,10
/home/rnam/Documents/ped/data/team500/2016-07-17-13-39-58_Flatbush_Ave__Willoughby.jpg,160,10
/home/rnam/Documents/ped/data/team500/2016-07-17-13-42-44_Flatbush_Ave__Willoughby.jpg,161,10
/home/rnam/Documents/ped/data/team500/2016-07-17-13-41-18_Flatbush_Ave__Willoughby.jpg,162,11
/home/rnam/Documents/ped/data/team500/2016-07-17-13-36-31_Flatbush_Ave__Willoughby.jpg,163,12
/home/rnam/Documents/ped/data/team500/2016-07-17-13-39-19_Flatbush_Ave__Willoughby.jpg,164,12
/home/rnam/Documents/ped/data/team500/2016-07-17-13-42-46_Flatbush_Ave__Willoughby.jpg,165,11
/home/rnam/Documents/ped/data/team500/2016-07-17-13-38-39_Flatbush_Ave__Willoughby.jpg,166,10
/home/rnam/Documents/ped/data/team500/2016-07-17-13-42-13_Flatbush_Ave__Willoughby.jpg,167,10
/home/rnam/Documents/ped/data/team500/2016-07-17-13-37-03_Flatbush_Ave__Willoughby.jpg,168,9
/home/rnam/Documents/ped/data/team500/2016-07-17-13-39-11_Flatbush_Ave__Willoughby.jpg,169,10
/home/rnam/Documents/ped/data/team500/2016-07-17-13-36-24_Flatbush_Ave__Willoughby.jpg,170,9
/home/rnam/Documents/ped/data/team500/2016-07-17-13-45-31_Flatbush_Ave__Willoughby.jpg,171,10
/home/rnam/Documents/ped/data/team500/2016-07-17-13-38-42_Flatbush_Ave__Willoughby.jpg,172,12
/home/rnam/Documents/ped/data/team500/2016-07-17-13-41-26_Flatbush_Ave__Willoughby.jpg,173,12
/home/rnam/Documents/ped/data/team500/2016-07-17-13-43-32_Flatbush_Ave__Willoughby.jpg,174,12
/home/rnam/Documents/ped/data/team500/2016-07-17-13-38-13_Flatbush_Ave__Willoughby.jpg,175,10
/home/rnam/Documents/ped/data/team500/2016-07-17-13-37-26_Flatbush_Ave__Willoughby.jpg,176,10
/home/rnam/Documents/ped/data/team500/2016-07-17-13-36-07_Flatbush_Ave__Willoughby.jpg,177,10
/home/rnam/Documents/ped/data/team500/2016-07-17-13-39-15_Flatbush_Ave__Willoughby.jpg,178,9
/home/rnam/Documents/ped/data/team500/2016-07-17-13-42-02_Flatbush_Ave__Willoughby.jpg,179,8
/home/rnam/Documents/ped/data/team500/2016-07-17-13-45-06_Flatbush_Ave__Willoughby.jpg,180,9
/home/rnam/Documents/ped/data/team500/2016-07-17-13-42-15_Flatbush_Ave__Willoughby.jpg,181,8
/home/rnam/Documents/ped/data/team500/2016-07-17-13-41-37_Flatbush_Ave__Willoughby.jpg,182,9
/home/rnam/Documents/ped/data/team500/2016-07-17-13-37-10_Flatbush_Ave__Willoughby.jpg,183,9
/home/rnam/Documents/ped/data/team500/2016-07-17-13-36-23_Flatbush_Ave__Willoughby.jpg,184,8
/home/rnam/Documents/ped/data/team500/2016-07-17-13-39-54_Flatbush_Ave__Willoughby.jpg,185,9
/home/rnam/Documents/ped/data/team500/2016-07-17-13-38-45_Flatbush_Ave__Willoughby.jpg,186,10
/home/rnam/Documents/ped/data/team500/2016-07-17-13-45-34_Flatbush_Ave__Willoughby.jpg,187,12
/home/rnam/Documents/ped/data/team500/2016-07-17-13-44-16_Flatbush_Ave__Willoughby.jpg,188,12
/home/rnam/Documents/ped/data/team500/2016-07-17-13-41-36_Flatbush_Ave__Willoughby.jpg,189,10
/home/rnam/Documents/ped/data/team500/2016-07-17-13-39-42_Flatbush_Ave__Willoughby.jpg,190,10
/home/rnam/Documents/ped/data/team500/2016-07-17-13-43-57_Flatbush_Ave__Willoughby.jpg,191,10
/home/rnam/Documents/ped/data/team500/2016-07-17-13-39-57_Flatbush_Ave__Willoughby.jpg,192,12
/home/rnam/Documents/ped/data/team500/2016-07-17-13-38-03_Flatbush_Ave__Willoughby.jpg,193,11
/home/rnam/Documents/ped/data/team500/2016-07-17-13-40-47_Flatbush_Ave__Willoughby.jpg,194,12
/home/rnam/Documents/ped/data/team500/2016-07-17-13-41-13_Flatbush_Ave__Willoughby.jpg,195,10
/home/rnam/Documents/ped/data/team500/2016-07-17-13-44-19_Flatbush_Ave__Willoughby.jpg,196,9
/home/rnam/Documents/ped/data/team500/2016-07-17-13-45-24_Flatbush_Ave__Willoughby.jpg,197,8
/home/rnam/Documents/ped/data/team500/2016-07-17-13-42-47_Flatbush_Ave__Willoughby.jpg,198,10
/home/rnam/Documents/ped/data/team500/2016-07-17-13-38-29_Flatbush_Ave__Willoughby.jpg,199,9
/home/rnam/Documents/ped/data/team500/2016-07-17-13-41-55_Flatbush_Ave__Willoughby.jpg,200,10
/home/rnam/Documents/ped/data/team500/2016-07-17-13-37-01_Flatbush_Ave__Willoughby.jpg,201,7
/home/rnam/Documents/ped/data/team500/2016-07-17-13-37-05_Flatbush_Ave__Willoughby.jpg,202,7
/home/rnam/Documents/ped/data/team500/2016-07-17-13-41-23_Flatbush_Ave__Willoughby.jpg,203,6
/home/rnam/Documents/ped/data/team500/2016-07-17-13-40-39_Flatbush_Ave__Willoughby.jpg,204,7
/home/rnam/Documents/ped/data/team500/2016-07-17-13-44-02_Flatbush_Ave__Willoughby.jpg,205,6
/home/rnam/Documents/ped/data/team500/2016-07-17-13-41-19_Flatbush_Ave__Willoughby.jpg,206,7
/home/rnam/Documents/ped/data/team500/2016-07-17-13-42-16_Flatbush_Ave__Willoughby.jpg,207,8
/home/rnam/Documents/ped/data/team500/2016-07-17-13-43-03_Flatbush_Ave__Willoughby.jpg,208,8
/home/rnam/Documents/ped/data/team500/2016-07-17-13-44-39_Flatbush_Ave__Willoughby.jpg,209,8
/home/rnam/Documents/ped/data/team500/2016-07-17-13-41-25_Flatbush_Ave__Willoughby.jpg,210,8
/home/rnam/Documents/ped/data/team500/2016-07-17-13-43-58_Flatbush_Ave__Willoughby.jpg,211,7
/home/rnam/Documents/ped/data/team500/2016-07-17-13-39-07_Flatbush_Ave__Willoughby.jpg,212,7
/home/rnam/Documents/ped/data/team500/2016-07-17-13-44-20_Flatbush_Ave__Willoughby.jpg,213,7
/home/rnam/Documents/ped/data/team500/2016-07-17-13-40-52_Flatbush_Ave__Willoughby.jpg,214,7
/home/rnam/Documents/ped/data/team500/2016-07-17-13-38-47_Flatbush_Ave__Willoughby.jpg,215,6
/home/rnam/Documents/ped/data/team500/2016-07-17-13-45-12_Flatbush_Ave__Willoughby.jpg,216,5
/home/rnam/Documents/ped/data/team500/2016-07-17-13-37-56_Flatbush_Ave__Willoughby.jpg,217,5
/home/rnam/Documents/ped/data/team500/2016-07-17-13-40-11_Flatbush_Ave__Willoughby.jpg,218,5
/home/rnam/Documents/ped/data/team500/2016-07-17-13-40-46_Flatbush_Ave__Willoughby.jpg,219,5
/home/rnam/Documents/ped/data/team500/2016-07-17-13-40-30_Flatbush_Ave__Willoughby.jpg,220,5
/home/rnam/Documents/ped/data/team500/2016-07-17-13-43-19_Flatbush_Ave__Willoughby.jpg,221,5
/home/rnam/Documents/ped/data/team500/2016-07-17-13-35-57_Flatbush_Ave__Willoughby.jpg,222,6
/home/rnam/Documents/ped/data/team500/2016-07-17-13-45-10_Flatbush_Ave__Willoughby.jpg,223,5
/home/rnam/Documents/ped/data/team500/2016-07-17-13-36-47_Flatbush_Ave__Willoughby.jpg,224,4
/home/rnam/Documents/ped/data/team500/2016-07-17-13-36-08_Flatbush_Ave__Willoughby.jpg,225,4
/home/rnam/Documents/ped/data/team500/2016-07-17-13-44-57_Flatbush_Ave__Willoughby.jpg,226,3
/home/rnam/Documents/ped/data/team500/2016-07-17-13-42-23_Flatbush_Ave__Willoughby.jpg,227,5
/home/rnam/Documents/ped/data/team500/2016-07-17-13-37-57_Flatbush_Ave__Willoughby.jpg,228,6
/home/rnam/Documents/ped/data/team500/2016-07-17-13-37-50_Flatbush_Ave__Willoughby.jpg,229,4
/home/rnam/Documents/ped/data/team500/2016-07-17-13-41-14_Flatbush_Ave__Willoughby.jpg,230,3
/home/rnam/Documents/ped/data/team500/2016-07-17-13-36-01_Flatbush_Ave__Willoughby.jpg,231,5
/home/rnam/Documents/ped/data/team500/2016-07-17-13-36-33_Flatbush_Ave__Willoughby.jpg,232,5
/home/rnam/Documents/ped/data/team500/2016-07-17-13-38-52_Flatbush_Ave__Willoughby.jpg,233,6
/home/rnam/Documents/ped/data/team500/2016-07-17-13-39-40_Flatbush_Ave__Willoughby.jpg,234,5
/home/rnam/Documents/ped/data/team500/2016-07-17-13-39-52_Flatbush_Ave__Willoughby.jpg,235,5
/home/rnam/Documents/ped/data/team500/2016-07-17-13-36-56_Flatbush_Ave__Willoughby.jpg,236,4
/home/rnam/Documents/ped/data/team500/2016-07-17-13-38-08_Flatbush_Ave__Willoughby.jpg,237,4
/home/rnam/Documents/ped/data/team500/2016-07-17-13-44-07_Flatbush_Ave__Willoughby.jpg,238,4
/home/rnam/Documents/ped/data/team500/2016-07-17-13-37-11_Flatbush_Ave__Willoughby.jpg,239,4
/home/rnam/Documents/ped/data/team500/2016-07-17-13-38-17_Flatbush_Ave__Willoughby.jpg,240,4
/home/rnam/Documents/ped/data/team500/2016-07-17-13-37-15_Flatbush_Ave__Willoughby.jpg,241,3
/home/rnam/Documents/ped/data/team500/2016-07-17-13-40-28_Flatbush_Ave__Willoughby.jpg,242,4
/home/rnam/Documents/ped/data/team500/2016-07-17-13-41-49_Flatbush_Ave__Willoughby.jpg,243,3
/home/rnam/Documents/ped/data/team500/2016-07-17-13-45-51_Flatbush_Ave__Willoughby.jpg,244,4
/home/rnam/Documents/ped/data/team500/2016-07-17-13-38-02_Flatbush_Ave__Willoughby.jpg,245,3
/home/rnam/Documents/ped/data/team500/2016-07-17-13-40-26_Flatbush_Ave__Willoughby.jpg,246,3
/home/rnam/Documents/ped/data/team500/2016-07-17-13-41-20_Flatbush_Ave__Willoughby.jpg,247,4
/home/rnam/Documents/ped/data/team500/2016-07-17-13-39-17_Flatbush_Ave__Willoughby.jpg,248,4
/home/rnam/Documents/ped/data/team500/2016-07-17-13-37-40_Flatbush_Ave__Willoughby.jpg,249,4
/home/rnam/Documents/ped/data/team500/2016-07-17-13-37-29_Flatbush_Ave__Willoughby.jpg,250,4
/home/rnam/Documents/ped/data/team500/2016-07-17-13-39-04_Flatbush_Ave__Willoughby.jpg,251,4
/home/rnam/Documents/ped/data/team500/2016-07-17-13-37-07_Flatbush_Ave__Willoughby.jpg,252,4
/home/rnam/Documents/ped/data/team500/2016-07-17-13-37-54_Flatbush_Ave__Willoughby.jpg,253,4
/home/rnam/Documents/ped/data/team500/2016-07-17-13-36-45_Flatbush_Ave__Willoughby.jpg,254,3
/home/rnam/Documents/ped/data/team500/2016-07-17-13-42-36_Flatbush_Ave__Willoughby.jpg,255,3
/home/rnam/Documents/ped/data/team500/2016-07-17-13-36-26_Flatbush_Ave__Willoughby.jpg,256,4
/home/rnam/Documents/ped/data/team500/2016-07-17-13-44-18_Flatbush_Ave__Willoughby.jpg,257,4
/home/rnam/Documents/ped/data/team500/2016-07-17-13-42-21_Flatbush_Ave__Willoughby.jpg,258,4
/home/rnam/Documents/ped/data/team500/2016-07-17-13-38-44_Flatbush_Ave__Willoughby.jpg,259,6
/home/rnam/Documents/ped/data/team500/2016-07-17-13-43-26_Flatbush_Ave__Willoughby.jpg,260,6
/home/rnam/Documents/ped/data/team500/2016-07-17-13-37-38_Flatbush_Ave__Willoughby.jpg,261,7
/home/rnam/Documents/ped/data/team500/2016-07-17-13-44-52_Flatbush_Ave__Willoughby.jpg,262,6
/home/rnam/Documents/ped/data/team500/2016-07-17-13-36-10_Flatbush_Ave__Willoughby.jpg,263,7
/home/rnam/Documents/ped/data/team500/2016-07-17-13-39-53_Flatbush_Ave__Willoughby.jpg,264,8
/home/rnam/Documents/ped/data/team500/2016-07-17-13-39-30_Flatbush_Ave__Willoughby.jpg,265,7
/home/rnam/Documents/ped/data/team500/2016-07-17-13-39-02_Flatbush_Ave__Willoughby.jpg,266,7
/home/rnam/Documents/ped/data/team500/2016-07-17-13-37-53_Flatbush_Ave__Willoughby.jpg,267,7
/home/rnam/Documents/ped/data/team500/2016-07-17-13-37-58_Flatbush_Ave__Willoughby.jpg,268,7
/home/rnam/Documents/ped/data/team500/2016-07-17-13-43-16_Flatbush_Ave__Willoughby.jpg,269,8
/home/rnam/Documents/ped/data/team500/2016-07-17-13-44-09_Flatbush_Ave__Willoughby.jpg,270,7
/home/rnam/Documents/ped/data/team500/2016-07-17-13-41-59_Flatbush_Ave__Willoughby.jpg,271,6
/home/rnam/Documents/ped/data/team500/2016-07-17-13-38-58_Flatbush_Ave__Willoughby.jpg,272,5
/home/rnam/Documents/ped/data/team500/2016-07-17-13-41-52_Flatbush_Ave__Willoughby.jpg,273,6
/home/rnam/Documents/ped/data/team500/2016-07-17-13-40-05_Flatbush_Ave__Willoughby.jpg,274,7
/home/rnam/Documents/ped/data/team500/2016-07-17-13-37-39_Flatbush_Ave__Willoughby.jpg,275,7
/home/rnam/Documents/ped/data/team500/2016-07-17-13-42-42_Flatbush_Ave__Willoughby.jpg,276,7
/home/rnam/Documents/ped/data/team500/2016-07-17-13-39-16_Flatbush_Ave__Willoughby.jpg,277,6
/home/rnam/Documents/ped/data/team500/2016-07-17-13-42-20_Flatbush_Ave__Willoughby.jpg,278,6
/home/rnam/Documents/ped/data/team500/2016-07-17-13-44-48_Flatbush_Ave__Willoughby.jpg,279,6
/home/rnam/Documents/ped/data/team500/2016-07-17-13-40-49_Flatbush_Ave__Willoughby.jpg,280,5
/home/rnam/Documents/ped/data/team500/2016-07-17-13-44-40_Flatbush_Ave__Willoughby.jpg,281,5
/home/rnam/Documents/ped/data/team500/2016-07-17-13-38-19_Flatbush_Ave__Willoughby.jpg,282,6
/home/rnam/Documents/ped/data/team500/2016-07-17-13-44-58_Flatbush_Ave__Willoughby.jpg,283,7
/home/rnam/Documents/ped/data/team500/2016-07-17-13-44-14_Flatbush_Ave__Willoughby.jpg,284,7
/home/rnam/Documents/ped/data/team500/2016-07-17-13-45-19_Flatbush_Ave__Willoughby.jpg,285,7
/home/rnam/Documents/ped/data/team500/2016-07-17-13-37-51_Flatbush_Ave__Willoughby.jpg,286,7
/home/rnam/Documents/ped/data/team500/2016-07-17-13-42-22_Flatbush_Ave__Willoughby.jpg,287,7
/home/rnam/Documents/ped/data/team500/2016-07-17-13-38-54_Flatbush_Ave__Willoughby.jpg,288,7
/home/rnam/Documents/ped/data/team500/2016-07-17-13-41-45_Flatbush_Ave__Willoughby.jpg,289,7
/home/rnam/Documents/ped/data/team500/2016-07-17-13-42-54_Flatbush_Ave__Willoughby.jpg,290,6
/home/rnam/Documents/ped/data/team500/2016-07-17-13-42-33_Flatbush_Ave__Willoughby.jpg,291,4
/home/rnam/Documents/ped/data/team500/2016-07-17-13-44-30_Flatbush_Ave__Willoughby.jpg,292,5
/home/rnam/Documents/ped/data/team500/2016-07-17-13-36-13_Flatbush_Ave__Willoughby.jpg,293,5
/home/rnam/Documents/ped/data/team500/2016-07-17-13-41-47_Flatbush_Ave__Willoughby.jpg,294,6
/home/rnam/Documents/ped/data/team500/2016-07-17-13-42-38_Flatbush_Ave__Willoughby.jpg,295,4
/home/rnam/Documents/ped/data/team500/2016-07-17-13-41-03_Flatbush_Ave__Willoughby.jpg,296,6
/home/rnam/Documents/ped/data/team500/2016-07-17-13-40-44_Flatbush_Ave__Willoughby.jpg,297,5
/home/rnam/Documents/ped/data/team500/2016-07-17-13-36-12_Flatbush_Ave__Willoughby.jpg,298,6
/home/rnam/Documents/ped/data/team500/2016-07-17-13-37-48_Flatbush_Ave__Willoughby.jpg,299,4
/home/rnam/Documents/ped/data/team500/2016-07-17-13-36-37_Flatbush_Ave__Willoughby.jpg,300,5
/home/rnam/Documents/ped/data/team500/2016-07-17-13-41-31_Flatbush_Ave__Willoughby.jpg,301,6
/home/rnam/Documents/ped/data/team500/2016-07-17-13-37-33_Flatbush_Ave__Willoughby.jpg,302,6
/home/rnam/Documents/ped/data/team500/2016-07-17-13-43-01_Flatbush_Ave__Willoughby.jpg,303,6
/home/rnam/Documents/ped/data/team500/2016-07-17-13-42-14_Flatbush_Ave__Willoughby.jpg,304,7
/home/rnam/Documents/ped/data/team500/2016-07-17-13-39-51_Flatbush_Ave__Willoughby.jpg,305,7
/home/rnam/Documents/ped/data/team500/2016-07-17-13-44-05_Flatbush_Ave__Willoughby.jpg,306,7
/home/rnam/Documents/ped/data/team500/2016-07-17-13-40-19_Flatbush_Ave__Willoughby.jpg,307,8
/home/rnam/Documents/ped/data/team500/2016-07-17-13-44-11_Flatbush_Ave__Willoughby.jpg,308,7
/home/rnam/Documents/ped/data/team500/2016-07-17-13-37-32_Flatbush_Ave__Willoughby.jpg,309,7
/home/rnam/Documents/ped/data/team500/2016-07-17-13-39-24_Flatbush_Ave__Willoughby.jpg,310,8
/home/rnam/Documents/ped/data/team500/2016-07-17-13-45-07_Flatbush_Ave__Willoughby.jpg,311,7
/home/rnam/Documents/ped/data/team500/2016-07-17-13-38-55_Flatbush_Ave__Willoughby.jpg,312,7
/home/rnam/Documents/ped/data/team500/2016-07-17-13-41-08_Flatbush_Ave__Willoughby.jpg,313,7
/home/rnam/Documents/ped/data/team500/2016-07-17-13-40-24_Flatbush_Ave__Willoughby.jpg,314,9
/home/rnam/Documents/ped/data/team500/2016-07-17-13-44-17_Flatbush_Ave__Willoughby.jpg,315,8
/home/rnam/Documents/ped/data/team500/2016-07-17-13-37-17_Flatbush_Ave__Willoughby.jpg,316,10
/home/rnam/Documents/ped/data/team500/2016-07-17-13-44-04_Flatbush_Ave__Willoughby.jpg,317,11
/home/rnam/Documents/ped/data/team500/2016-07-17-13-40-32_Flatbush_Ave__Willoughby.jpg,318,11
/home/rnam/Documents/ped/data/team500/2016-07-17-13-42-57_Flatbush_Ave__Willoughby.jpg,319,12
/home/rnam/Documents/ped/data/team500/2016-07-17-13-42-35_Flatbush_Ave__Willoughby.jpg,320,12
/home/rnam/Documents/ped/data/team500/2016-07-17-13-37-20_Flatbush_Ave__Willoughby.jpg,321,11
/home/rnam/Documents/ped/data/team500/2016-07-17-13-37-52_Flatbush_Ave__Willoughby.jpg,322,11
/home/rnam/Documents/ped/data/team500/2016-07-17-13-41-06_Flatbush_Ave__Willoughby.jpg,323,11
/home/rnam/Documents/ped/data/team500/2016-07-17-13-44-28_Flatbush_Ave__Willoughby.jpg,324,11
/home/rnam/Documents/ped/data/team500/2016-07-17-13-36-39_Flatbush_Ave__Willoughby.jpg,325,9
/home/rnam/Documents/ped/data/team500/2016-07-17-13-42-56_Flatbush_Ave__Willoughby.jpg,326,8
/home/rnam/Documents/ped/data/team500/2016-07-17-13-42-52_Flatbush_Ave__Willoughby.jpg,327,7
/home/rnam/Documents/ped/data/team500/2016-07-17-13-42-26_Flatbush_Ave__Willoughby.jpg,328,7
/home/rnam/Documents/ped/data/team500/2016-07-17-13-41-15_Flatbush_Ave__Willoughby.jpg,329,6
/home/rnam/Documents/ped/data/team500/2016-07-17-13-41-57_Flatbush_Ave__Willoughby.jpg,330,6
/home/rnam/Documents/ped/data/team500/2016-07-17-13-40-37_Flatbush_Ave__Willoughby.jpg,331,6
/home/rnam/Documents/ped/data/team500/2016-07-17-13-39-01_Flatbush_Ave__Willoughby.jpg,332,7
/home/rnam/Documents/ped/data/team500/2016-07-17-13-36-41_Flatbush_Ave__Willoughby.jpg,333,7
/home/rnam/Documents/ped/data/team500/2016-07-17-13-45-22_Flatbush_Ave__Willoughby.jpg,334,8
/home/rnam/Documents/ped/data/team500/2016-07-17-13-43-25_Flatbush_Ave__Willoughby.jpg,335,8
/home/rnam/Documents/ped/data/team500/2016-07-17-13-40-09_Flatbush_Ave__Willoughby.jpg,336,8
/home/rnam/Documents/ped/data/team500/2016-07-17-13-37-42_Flatbush_Ave__Willoughby.jpg,337,8
/home/rnam/Documents/ped/data/team500/2016-07-17-13-43-59_Flatbush_Ave__Willoughby.jpg,338,8
/home/rnam/Documents/ped/data/team500/2016-07-17-13-40-02_Flatbush_Ave__Willoughby.jpg,339,8
/home/rnam/Documents/ped/data/team500/2016-07-17-13-43-02_Flatbush_Ave__Willoughby.jpg,340,8
/home/rnam/Documents/ped/data/team500/2016-07-17-13-38-57_Flatbush_Ave__Willoughby.jpg,341,8
/home/rnam/Documents/ped/data/team500/2016-07-17-13-45-30_Flatbush_Ave__Willoughby.jpg,342,7
/home/rnam/Documents/ped/data/team500/2016-07-17-13-38-53_Flatbush_Ave__Willoughby.jpg,343,8
/home/rnam/Documents/ped/data/team500/2016-07-17-13-43-36_Flatbush_Ave__Willoughby.jpg,344,7
/home/rnam/Documents/ped/data/team500/2016-07-17-13-36-04_Flatbush_Ave__Willoughby.jpg,345,8
/home/rnam/Documents/ped/data/team500/2016-07-17-13-44-42_Flatbush_Ave__Willoughby.jpg,346,7
/home/rnam/Documents/ped/data/team500/2016-07-17-13-44-50_Flatbush_Ave__Willoughby.jpg,347,7
/home/rnam/Documents/ped/data/team500/2016-07-17-13-43-05_Flatbush_Ave__Willoughby.jpg,348,7
/home/rnam/Documents/ped/data/team500/2016-07-17-13-45-47_Flatbush_Ave__Willoughby.jpg,349,6
/home/rnam/Documents/ped/data/team500/2016-07-17-13-38-05_Flatbush_Ave__Willoughby.jpg,350,7
/home/rnam/Documents/ped/data/team500/2016-07-17-13-44-03_Flatbush_Ave__Willoughby.jpg,351,5
/home/rnam/Documents/ped/data/team500/2016-07-17-13-40-15_Flatbush_Ave__Willoughby.jpg,352,5
/home/rnam/Documents/ped/data/team500/2016-07-17-13-43-15_Flatbush_Ave__Willoughby.jpg,353,4
/home/rnam/Documents/ped/data/team500/2016-07-17-13-43-49_Flatbush_Ave__Willoughby.jpg,354,8
/home/rnam/Documents/ped/data/team500/2016-07-17-13-39-45_Flatbush_Ave__Willoughby.jpg,355,8
/home/rnam/Documents/ped/data/team500/2016-07-17-13-37-00_Flatbush_Ave__Willoughby.jpg,356,7
/home/rnam/Documents/ped/data/team500/2016-07-17-13-44-46_Flatbush_Ave__Willoughby.jpg,357,7
/home/rnam/Documents/ped/data/team500/2016-07-17-13-39-33_Flatbush_Ave__Willoughby.jpg,358,7
/home/rnam/Documents/ped/data/team500/2016-07-17-13-40-17_Flatbush_Ave__Willoughby.jpg,359,8
/home/rnam/Documents/ped/data/team500/2016-07-17-13-38-16_Flatbush_Ave__Willoughby.jpg,360,7
/home/rnam/Documents/ped/data/team500/2016-07-17-13-43-22_Flatbush_Ave__Willoughby.jpg,361,7
/home/rnam/Documents/ped/data/team500/2016-07-17-13-40-53_Flatbush_Ave__Willoughby.jpg,362,7
/home/rnam/Documents/ped/data/team500/2016-07-17-13-43-13_Flatbush_Ave__Willoughby.jpg,363,8
/home/rnam/Documents/ped/data/team500/2016-07-17-13-39-00_Flatbush_Ave__Willoughby.jpg,364,7
/home/rnam/Documents/ped/data/team500/2016-07-17-13-44-55_Flatbush_Ave__Willoughby.jpg,365,6
/home/rnam/Documents/ped/data/team500/2016-07-17-13-44-33_Flatbush_Ave__Willoughby.jpg,366,7
/home/rnam/Documents/ped/data/team500/2016-07-17-13-45-42_Flatbush_Ave__Willoughby.jpg,367,7
/home/rnam/Documents/ped/data/team500/2016-07-17-13-43-33_Flatbush_Ave__Willoughby.jpg,368,7
/home/rnam/Documents/ped/data/team500/2016-07-17-13-43-52_Flatbush_Ave__Willoughby.jpg,369,6
/home/rnam/Documents/ped/data/team500/2016-07-17-13-45-49_Flatbush_Ave__Willoughby.jpg,370,7
/home/rnam/Documents/ped/data/team500/2016-07-17-13-43-56_Flatbush_Ave__Willoughby.jpg,371,7
/home/rnam/Documents/ped/data/team500/2016-07-17-13-37-41_Flatbush_Ave__Willoughby.jpg,372,6
/home/rnam/Documents/ped/data/team500/2016-07-17-13-41-27_Flatbush_Ave__Willoughby.jpg,373,6
/home/rnam/Documents/ped/data/team500/2016-07-17-13-44-24_Flatbush_Ave__Willoughby.jpg,374,5
/home/rnam/Documents/ped/data/team500/2016-07-17-13-39-48_Flatbush_Ave__Willoughby.jpg,375,5
/home/rnam/Documents/ped/data/team500/2016-07-17-13-38-34_Flatbush_Ave__Willoughby.jpg,376,5
/home/rnam/Documents/ped/data/team500/2016-07-17-13-40-22_Flatbush_Ave__Willoughby.jpg,377,5
/home/rnam/Documents/ped/data/team500/2016-07-17-13-40-58_Flatbush_Ave__Willoughby.jpg,378,6
/home/rnam/Documents/ped/data/team500/2016-07-17-13-36-49_Flatbush_Ave__Willoughby.jpg,379,6
/home/rnam/Documents/ped/data/team500/2016-07-17-13-45-35_Flatbush_Ave__Willoughby.jpg,380,6
/home/rnam/Documents/ped/data/team500/2016-07-17-13-38-51_Flatbush_Ave__Willoughby.jpg,381,6
/home/rnam/Documents/ped/data/team500/2016-07-17-13-43-17_Flatbush_Ave__Willoughby.jpg,382,6
/home/rnam/Documents/ped/data/team500/2016-07-17-13-38-14_Flatbush_Ave__Willoughby.jpg,383,6
/home/rnam/Documents/ped/data/team500/2016-07-17-13-39-21_Flatbush_Ave__Willoughby.jpg,384,4
/home/rnam/Documents/ped/data/team500/2016-07-17-13-37-46_Flatbush_Ave__Willoughby.jpg,385,5
/home/rnam/Documents/ped/data/team500/2016-07-17-13-36-50_Flatbush_Ave__Willoughby.jpg,386,6
/home/rnam/Documents/ped/data/team500/2016-07-17-13-43-24_Flatbush_Ave__Willoughby.jpg,387,7
/home/rnam/Documents/ped/data/team500/2016-07-17-13-37-30_Flatbush_Ave__Willoughby.jpg,388,7
/home/rnam/Documents/ped/data/team500/2016-07-17-13-45-09_Flatbush_Ave__Willoughby.jpg,389,7
/home/rnam/Documents/ped/data/team500/2016-07-17-13-40-56_Flatbush_Ave__Willoughby.jpg,390,7
/home/rnam/Documents/ped/data/team500/2016-07-17-13-42-59_Flatbush_Ave__Willoughby.jpg,391,8
/home/rnam/Documents/ped/data/team500/2016-07-17-13-44-34_Flatbush_Ave__Willoughby.jpg,392,8
/home/rnam/Documents/ped/data/team500/2016-07-17-13-36-27_Flatbush_Ave__Willoughby.jpg,393,6
/home/rnam/Documents/ped/data/team500/2016-07-17-13-42-05_Flatbush_Ave__Willoughby.jpg,394,7
/home/rnam/Documents/ped/data/team500/2016-07-17-13-37-31_Flatbush_Ave__Willoughby.jpg,395,8
/home/rnam/Documents/ped/data/team500/2016-07-17-13-40-45_Flatbush_Ave__Willoughby.jpg,396,7
/home/rnam/Documents/ped/data/team500/2016-07-17-13-45-32_Flatbush_Ave__Willoughby.jpg,397,7
/home/rnam/Documents/ped/data/team500/2016-07-17-13-43-10_Flatbush_Ave__Willoughby.jpg,398,6
/home/rnam/Documents/ped/data/team500/2016-07-17-13-37-36_Flatbush_Ave__Willoughby.jpg,399,6
/home/rnam/Documents/ped/data/team500/2016-07-17-13-41-32_Flatbush_Ave__Willoughby.jpg,400,5
/home/rnam/Documents/ped/data/team500/2016-07-17-13-40-07_Flatbush_Ave__Willoughby.jpg,401,5
/home/rnam/Documents/ped/data/team500/2016-07-17-13-36-15_Flatbush_Ave__Willoughby.jpg,402,6
/home/rnam/Documents/ped/data/team500/2016-07-17-13-42-43_Flatbush_Ave__Willoughby.jpg,403,7
/home/rnam/Documents/ped/data/team500/2016-07-17-13-44-21_Flatbush_Ave__Willoughby.jpg,404,7
/home/rnam/Documents/ped/data/team500/2016-07-17-13-42-17_Flatbush_Ave__Willoughby.jpg,405,7
/home/rnam/Documents/ped/data/team500/2016-07-17-13-45-08_Flatbush_Ave__Willoughby.jpg,406,6
/home/rnam/Documents/ped/data/team500/2016-07-17-13-40-23_Flatbush_Ave__Willoughby.jpg,407,6
/home/rnam/Documents/ped/data/team500/2016-07-17-13-42-11_Flatbush_Ave__Willoughby.jpg,408,7
/home/rnam/Documents/ped/data/team500/2016-07-17-13-37-49_Flatbush_Ave__Willoughby.jpg,409,7
/home/rnam/Documents/ped/data/team500/2016-07-17-13-39-27_Flatbush_Ave__Willoughby.jpg,410,8
/home/rnam/Documents/ped/data/team500/2016-07-17-13-37-08_Flatbush_Ave__Willoughby.jpg,411,9
/home/rnam/Documents/ped/data/team500/2016-07-17-13-44-44_Flatbush_Ave__Willoughby.jpg,412,9
/home/rnam/Documents/ped/data/team500/2016-07-17-13-39-22_Flatbush_Ave__Willoughby.jpg,413,9
/home/rnam/Documents/ped/data/team500/2016-07-17-13-43-08_Flatbush_Ave__Willoughby.jpg,414,9
/home/rnam/Documents/ped/data/team500/2016-07-17-13-41-04_Flatbush_Ave__Willoughby.jpg,415,9
/home/rnam/Documents/ped/data/team500/2016-07-17-13-44-12_Flatbush_Ave__Willoughby.jpg,416,9
/home/rnam/Documents/ped/data/team500/2016-07-17-13-43-28_Flatbush_Ave__Willoughby.jpg,417,8
/home/rnam/Documents/ped/data/team500/2016-07-17-13-43-12_Flatbush_Ave__Willoughby.jpg,418,8
/home/rnam/Documents/ped/data/team500/2016-07-17-13-44-32_Flatbush_Ave__Willoughby.jpg,419,8
/home/rnam/Documents/ped/data/team500/2016-07-17-13-42-07_Flatbush_Ave__Willoughby.jpg,420,8
/home/rnam/Documents/ped/data/team500/2016-07-17-13-44-59_Flatbush_Ave__Willoughby.jpg,421,7
/home/rnam/Documents/ped/data/team500/2016-07-17-13-36-22_Flatbush_Ave__Willoughby.jpg,422,7
/home/rnam/Documents/ped/data/team500/2016-07-17-13-37-16_Flatbush_Ave__Willoughby.jpg,423,6
/home/rnam/Documents/ped/data/team500/2016-07-17-13-41-16_Flatbush_Ave__Willoughby.jpg,424,6
/home/rnam/Documents/ped/data/team500/2016-07-17-13-41-51_Flatbush_Ave__Willoughby.jpg,425,6
/home/rnam/Documents/ped/data/team500/2016-07-17-13-45-29_Flatbush_Ave__Willoughby.jpg,426,6
/home/rnam/Documents/ped/data/team500/2016-07-17-13-39-09_Flatbush_Ave__Willoughby.jpg,427,6
/home/rnam/Documents/ped/data/team500/2016-07-17-13-45-18_Flatbush_Ave__Willoughby.jpg,428,6
/home/rnam/Documents/ped/data/team500/2016-07-17-13-41-53_Flatbush_Ave__Willoughby.jpg,429,7
/home/rnam/Documents/ped/data/team500/2016-07-17-13-41-01_Flatbush_Ave__Willoughby.jpg,430,7
/home/rnam/Documents/ped/data/team500/2016-07-17-13-39-10_Flatbush_Ave__Willoughby.jpg,431,9
/home/rnam/Documents/ped/data/team500/2016-07-17-13-41-29_Flatbush_Ave__Willoughby.jpg,432,8
/home/rnam/Documents/ped/data/team500/2016-07-17-13-44-00_Flatbush_Ave__Willoughby.jpg,433,8
/home/rnam/Documents/ped/data/team500/2016-07-17-13-38-25_Flatbush_Ave__Willoughby.jpg,434,9
/home/rnam/Documents/ped/data/team500/2016-07-17-13-43-20_Flatbush_Ave__Willoughby.jpg,435,10
/home/rnam/Documents/ped/data/team500/2016-07-17-13-37-59_Flatbush_Ave__Willoughby.jpg,436,9
/home/rnam/Documents/ped/data/team500/2016-07-17-13-38-35_Flatbush_Ave__Willoughby.jpg,437,7
/home/rnam/Documents/ped/data/team500/2016-07-17-13-45-03_Flatbush_Ave__Willoughby.jpg,438,6
/home/rnam/Documents/ped/data/team500/2016-07-17-13-37-13_Flatbush_Ave__Willoughby.jpg,439,5
/home/rnam/Documents/ped/data/team500/2016-07-17-13-43-31_Flatbush_Ave__Willoughby.jpg,440,5
/home/rnam/Documents/ped/data/team500/2016-07-17-13-42-28_Flatbush_Ave__Willoughby.jpg,441,5
/home/rnam/Documents/ped/data/team500/2016-07-17-13-44-45_Flatbush_Ave__Willoughby.jpg,442,4
/home/rnam/Documents/ped/data/team500/2016-07-17-13-42-06_Flatbush_Ave__Willoughby.jpg,443,4
/home/rnam/Documents/ped/data/team500/2016-07-17-13-42-09_Flatbush_Ave__Willoughby.jpg,444,4
/home/rnam/Documents/ped/data/team500/2016-07-17-13-36-38_Flatbush_Ave__Willoughby.jpg,445,4
/home/rnam/Documents/ped/data/team500/2016-07-17-13-42-41_Flatbush_Ave__Willoughby.jpg,446,4
/home/rnam/Documents/ped/data/team500/2016-07-17-13-39-44_Flatbush_Ave__Willoughby.jpg,447,4
/home/rnam/Documents/ped/data/team500/2016-07-17-13-39-43_Flatbush_Ave__Willoughby.jpg,448,5
/home/rnam/Documents/ped/data/team500/2016-07-17-13-36-28_Flatbush_Ave__Willoughby.jpg,449,5
/home/rnam/Documents/ped/data/team500/2016-07-17-13-43-54_Flatbush_Ave__Willoughby.jpg,450,4
/home/rnam/Documents/ped/data/team500/2016-07-17-13-43-30_Flatbush_Ave__Willoughby.jpg,451,5
/home/rnam/Documents/ped/data/team500/2016-07-17-13-36-09_Flatbush_Ave__Willoughby.jpg,452,5
/home/rnam/Documents/ped/data/team500/2016-07-17-13-41-22_Flatbush_Ave__Willoughby.jpg,453,5
/home/rnam/Documents/ped/data/team500/2016-07-17-13-45-37_Flatbush_Ave__Willoughby.jpg,454,4
/home/rnam/Documents/ped/data/team500/2016-07-17-13-42-04_Flatbush_Ave__Willoughby.jpg,455,4
/home/rnam/Documents/ped/data/team500/2016-07-17-13-39-18_Flatbush_Ave__Willoughby.jpg,456,4
/home/rnam/Documents/ped/data/team500/2016-07-17-13-42-19_Flatbush_Ave__Willoughby.jpg,457,5
/home/rnam/Documents/ped/data/team500/2016-07-17-13-43-11_Flatbush_Ave__Willoughby.jpg,458,6
/home/rnam/Documents/ped/data/team500/2016-07-17-13-36-40_Flatbush_Ave__Willoughby.jpg,459,7
/home/rnam/Documents/ped/data/team500/2016-07-17-13-39-37_Flatbush_Ave__Willoughby.jpg,460,7
/home/rnam/Documents/ped/data/team500/2016-07-17-13-39-41_Flatbush_Ave__Willoughby.jpg,461,6
/home/rnam/Documents/ped/data/team500/2016-07-17-13-42-12_Flatbush_Ave__Willoughby.jpg,462,6
/home/rnam/Documents/ped/data/team500/2016-07-17-13-36-19_Flatbush_Ave__Willoughby.jpg,463,7
/home/rnam/Documents/ped/data/team500/2016-07-17-13-38-10_Flatbush_Ave__Willoughby.jpg,464,7
/home/rnam/Documents/ped/data/team500/2016-07-17-13-37-19_Flatbush_Ave__Willoughby.jpg,465,7
/home/rnam/Documents/ped/data/team500/2016-07-17-13-36-11_Flatbush_Ave__Willoughby.jpg,466,8
/home/rnam/Documents/ped/data/team500/2016-07-17-13-44-36_Flatbush_Ave__Willoughby.jpg,467,8
/home/rnam/Documents/ped/data/team500/2016-07-17-13-39-46_Flatbush_Ave__Willoughby.jpg,468,8
/home/rnam/Documents/ped/data/team500/2016-07-17-13-45-14_Flatbush_Ave__Willoughby.jpg,469,7
/home/rnam/Documents/ped/data/team500/2016-07-17-13-45-15_Flatbush_Ave__Willoughby.jpg,470,8
/home/rnam/Documents/ped/data/team500/2016-07-17-13-40-33_Flatbush_Ave__Willoughby.jpg,471,9
/home/rnam/Documents/ped/data/team500/2016-07-17-13-39-14_Flatbush_Ave__Willoughby.jpg,472,8
/home/rnam/Documents/ped/data/team500/2016-07-17-13-44-15_Flatbush_Ave__Willoughby.jpg,473,7
/home/rnam/Documents/ped/data/team500/2016-07-17-13-41-24_Flatbush_Ave__Willoughby.jpg,474,8
/home/rnam/Documents/ped/data/team500/2016-07-17-13-42-27_Flatbush_Ave__Willoughby.jpg,475,9
/home/rnam/Documents/ped/data/team500/2016-07-17-13-44-01_Flatbush_Ave__Willoughby.jpg,476,7
/home/rnam/Documents/ped/data/team500/2016-07-17-13-45-25_Flatbush_Ave__Willoughby.jpg,477,9
/home/rnam/Documents/ped/data/team500/2016-07-17-13-41-21_Flatbush_Ave__Willoughby.jpg,478,10
/home/rnam/Documents/ped/data/team500/2016-07-17-13-45-17_Flatbush_Ave__Willoughby.jpg,479,10
/home/rnam/Documents/ped/data/team500/2016-07-17-13-44-22_Flatbush_Ave__Willoughby.jpg,480,11
/home/rnam/Documents/ped/data/team500/2016-07-17-13-40-54_Flatbush_Ave__Willoughby.jpg,481,9
/home/rnam/Documents/ped/data/team500/2016-07-17-13-42-31_Flatbush_Ave__Willoughby.jpg,482,9
/home/rnam/Documents/ped/data/team500/2016-07-17-13-40-43_Flatbush_Ave__Willoughby.jpg,483,9
/home/rnam/Documents/ped/data/team500/2016-07-17-13-39-03_Flatbush_Ave__Willoughby.jpg,484,10
/home/rnam/Documents/ped/data/team500/2016-07-17-13-41-38_Flatbush_Ave__Willoughby.jpg,485,10
/home/rnam/Documents/ped/data/team500/2016-07-17-13-45-13_Flatbush_Ave__Willoughby.jpg,486,12
/home/rnam/Documents/ped/data/team500/2016-07-17-13-43-37_Flatbush_Ave__Willoughby.jpg,487,12
/home/rnam/Documents/ped/data/team500/2016-07-17-13-37-06_Flatbush_Ave__Willoughby.jpg,488,10
/home/rnam/Documents/ped/data/team500/2016-07-17-13-40-12_Flatbush_Ave__Willoughby.jpg,489,11
/home/rnam/Documents/ped/data/team500/2016-07-17-13-37-34_Flatbush_Ave__Willoughby.jpg,490,11
/home/rnam/Documents/ped/data/team500/2016-07-17-13-38-56_Flatbush_Ave__Willoughby.jpg,491,10
/home/rnam/Documents/ped/data/team500/2016-07-17-13-36-58_Flatbush_Ave__Willoughby.jpg,492,9
/home/rnam/Documents/ped/data/team500/2016-07-17-13-40-01_Flatbush_Ave__Willoughby.jpg,493,9
/home/rnam/Documents/ped/data/team500/2016-07-17-13-42-30_Flatbush_Ave__Willoughby.jpg,494,11
/home/rnam/Documents/ped/data/team500/2016-07-17-13-39-34_Flatbush_Ave__Willoughby.jpg,495,11
/home/rnam/Documents/ped/data/team500/2016-07-17-13-42-34_Flatbush_Ave__Willoughby.jpg,496,11
/home/rnam/Documents/ped/data/team500/2016-07-17-13-42-00_Flatbush_Ave__Willoughby.jpg,497,10
/home/rnam/Documents/ped/data/team500/2016-07-17-13-41-54_Flatbush_Ave__Willoughby.jpg,498,10
/home/rnam/Documents/ped/data/team500/2016-07-17-13-45-41_Flatbush_Ave__Willoughby.jpg,499,9
/home/rnam/Documents/ped/data/team500/2016-07-17-13-41-33_Flatbush_Ave__Willoughby.jpg,500,10
/home/rnam/Documents/ped/data/team500/2016-07-17-13-40-03_Flatbush_Ave__Willoughby.jpg,501,10
/home/rnam/Documents/ped/data/team500/2016-07-17-13-36-16_Flatbush_Ave__Willoughby.jpg,502,11
/home/rnam/Documents/ped/data/team500/2016-07-17-13-40-51_Flatbush_Ave__Willoughby.jpg,503,9
/home/rnam/Documents/ped/data/team500/2016-07-17-13-39-35_Flatbush_Ave__Willoughby.jpg,504,8
/home/rnam/Documents/ped/data/team500/2016-07-17-13-45-44_Flatbush_Ave__Willoughby.jpg,505,7
/home/rnam/Documents/ped/data/team500/2016-07-17-13-42-08_Flatbush_Ave__Willoughby.jpg,506,7
/home/rnam/Documents/ped/data/team500/2016-07-17-13-40-27_Flatbush_Ave__Willoughby.jpg,507,7
/home/rnam/Documents/ped/data/team500/2016-07-17-13-37-28_Flatbush_Ave__Willoughby.jpg,508,7
/home/rnam/Documents/ped/data/team500/2016-07-17-13-42-58_Flatbush_Ave__Willoughby.jpg,509,8
/home/rnam/Documents/ped/data/team500/2016-07-17-13-45-02_Flatbush_Ave__Willoughby.jpg,510,9
/home/rnam/Documents/ped/data/team500/2016-07-17-13-39-38_Flatbush_Ave__Willoughby.jpg,511,9
/home/rnam/Documents/ped/data/team500/2016-07-17-13-44-51_Flatbush_Ave__Willoughby.jpg,512,10
/home/rnam/Documents/ped/data/team500/2016-07-17-13-39-06_Flatbush_Ave__Willoughby.jpg,513,11
/home/rnam/Documents/ped/data/team500/2016-07-17-13-45-11_Flatbush_Ave__Willoughby.jpg,514,10
/home/rnam/Documents/ped/data/team500/2016-07-17-13-41-43_Flatbush_Ave__Willoughby.jpg,515,11
/home/rnam/Documents/ped/data/team500/2016-07-17-13-38-01_Flatbush_Ave__Willoughby.jpg,516,12
/home/rnam/Documents/ped/data/team500/2016-07-17-13-44-38_Flatbush_Ave__Willoughby.jpg,517,12
/home/rnam/Documents/ped/data/team500/2016-07-17-13-41-44_Flatbush_Ave__Willoughby.jpg,518,10
/home/rnam/Documents/ped/data/team500/2016-07-17-13-38-18_Flatbush_Ave__Willoughby.jpg,519,10
/home/rnam/Documents/ped/data/team500/2016-07-17-13-36-32_Flatbush_Ave__Willoughby.jpg,520,11
/home/rnam/Documents/ped/data/team500/2016-07-17-13-42-25_Flatbush_Ave__Willoughby.jpg,521,9
/home/rnam/Documents/ped/data/team500/2016-07-17-13-45-50_Flatbush_Ave__Willoughby.jpg,522,7
/home/rnam/Documents/ped/data/team500/2016-07-17-13-40-36_Flatbush_Ave__Willoughby.jpg,523,9
/home/rnam/Documents/ped/data/team500/2016-07-17-13-39-39_Flatbush_Ave__Willoughby.jpg,524,8
/home/rnam/Documents/ped/data/team500/2016-07-17-13-36-20_Flatbush_Ave__Willoughby.jpg,525,7
/home/rnam/Documents/ped/data/team500/2016-07-17-13-45-46_Flatbush_Ave__Willoughby.jpg,526,7
/home/rnam/Documents/ped/data/team500/2016-07-17-13-37-24_Flatbush_Ave__Willoughby.jpg,527,7
/home/rnam/Documents/ped/data/team500/2016-07-17-13-44-25_Flatbush_Ave__Willoughby.jpg,528,7
/home/rnam/Documents/ped/data/team500/2016-07-17-13-38-26_Flatbush_Ave__Willoughby.jpg,529,6
/home/rnam/Documents/ped/data/team500/2016-07-17-13-41-12_Flatbush_Ave__Willoughby.jpg,530,4
/home/rnam/Documents/ped/data/team500/2016-07-17-13-45-00_Flatbush_Ave__Willoughby.jpg,531,3
/home/rnam/Documents/ped/data/team500/2016-07-17-13-38-27_Flatbush_Ave__Willoughby.jpg,532,3
/home/rnam/Documents/ped/data/team500/2016-07-17-13-40-31_Flatbush_Ave__Willoughby.jpg,533,4
/home/rnam/Documents/ped/data/team500/2016-07-17-13-45-48_Flatbush_Ave__Willoughby.jpg,534,3
/home/rnam/Documents/ped/data/team500/2016-07-17-13-38-20_Flatbush_Ave__Willoughby.jpg,535,3
/home/rnam/Documents/ped/data/team500/2016-07-17-13-36-25_Flatbush_Ave__Willoughby.jpg,536,3
/home/rnam/Documents/ped/data/team500/2016-07-17-13-43-51_Flatbush_Ave__Willoughby.jpg,537,3
/home/rnam/Documents/ped/data/team500/2016-07-17-13-43-04_Flatbush_Ave__Willoughby.jpg,538,4
/home/rnam/Documents/ped/data/team500/2016-07-17-13-42-40_Flatbush_Ave__Willoughby.jpg,539,4
/home/rnam/Documents/ped/data/team500/2016-07-17-13-36-43_Flatbush_Ave__Willoughby.jpg,540,4
/home/rnam/Documents/ped/data/team500/2016-07-17-13-44-41_Flatbush_Ave__Willoughby.jpg,541,5
/home/rnam/Documents/ped/data/team500/2016-07-17-13-38-04_Flatbush_Ave__Willoughby.jpg,542,6
/home/rnam/Documents/ped/data/team500/2016-07-17-13-37-25_Flatbush_Ave__Willoughby.jpg,543,6
/home/rnam/Documents/ped/data/team500/2016-07-17-13-41-56_Flatbush_Ave__Willoughby.jpg,544,5
/home/rnam/Documents/ped/data/team500/2016-07-17-13-41-50_Flatbush_Ave__Willoughby.jpg,545,5
/home/rnam/Documents/ped/data/team500/2016-07-17-13-42-39_Flatbush_Ave__Willoughby.jpg,546,6
/home/rnam/Documents/ped/data/team500/2016-07-17-13-36-57_Flatbush_Ave__Willoughby.jpg,547,5
/home/rnam/Documents/ped/data/team500/2016-07-17-13-36-54_Flatbush_Ave__Willoughby.jpg,548,5
